Position,Type,REF,ALT
628,X,A,T
727,X,G,A
1043,D,CGA,CA
1329,I,CC,CAC
1537,X,A,C
2066,X,G,T
2100,I,TGG,TGGG
2114,X,G,T
2286,I,TA,TCA
2796,X,G,T
2918,D,GCA,GA
3212,X,T,C
3306,I,GG,GCG
3457,I,GA,GTA
3502,X,C,T
3626,D,TGC,TC
3682,X,G,T
3896,X,T,G
3921,D,CGC,CC
4058,X,C,T
4075,X,T,G
4143,X,G,T
4185,I,CGG,CGGG
4454,D,AGC,AC
4486,I,ACC,ACCC
4749,X,T,C
4850,I,GA,GCA
4868,X,C,A
5103,D,ATG,AG
5139,I,CAA,CAAA
5548,D,ACGC,AC
5785,X,G,T
5794,X,T,A
5954,D,AGC,AC
6197,D,GCT,GT
6399,X,ACC,AAC
6480,D,ATG,AG
6885,X,GTC,GCC
6953,D,GCT,GT
7019,D,CGA,CA
7102,I,CA,CGA
7108,D,CGC,CC
7116,X,C,T
7185,X,T,A
7384,X,C,T
7449,X,T,A
7595,D,CAA,CA
7657,X,G,C
7676,X,A,C
7745,D,ACC,AC
7828,D,CGG,CG
7842,D,TGG,TG
7891,D,TCG,TG
7926,D,TGG,TG
7954,X,C,A
8089,X,C,G
8163,D,AGG,AG
8187,D,GCC,GC
8240,I,GCG,GCGG
8257,D,GCC,GC
8316,X,G,C
8329,X,G,A
8448,D,CTG,CG
8465,X,A,T
8494,X,G,C
8547,X,A,T
8767,D,GCC,GC
8771,X,G,T
8798,D,TCC,TC
8850,X,C,T
8878,X,C,A
8952,D,GCT,GT
9054,X,G,T
9107,X,C,G
9117,I,TAT,TAAT
9122,X,C,G
9137,D,TGA,TA
9164,D,CGG,CG
9227,X,G,T
9287,D,CTT,CT
9305,D,CGA,CA
9315,X,C,G
9321,X,T,G
9438,X,A,G
9443,D,CAT,CT
9514,X,C,T
9536,X,C,T
9578,X,G,T
9605,D,CGG,CG,GGG
9696,D,TCC,TC
9707,D,AGC,AC
9781,D,AGCG,ACG,AG
9855,X,G,C
9873,D,ACC,AC
10054,D,TGA,TA
10068,D,GAA,GA
10110,X,G,C
10294,D,CGT,CT
10399,D,GAA,GA
10408,D,AGGG,AG
10605,X,C,A
10617,X,G,T
10654,X,A,G
10714,D,CGG,CG
10751,X,T,A
10876,X,G,T
10909,D,TGGGGGC,TGGGGC
10958,X,G,A
10962,D,CAG,CG
11004,X,C,A
11050,D,TGT,TT
11055,D,AGA,AA
11068,X,C,G
11075,X,G,T
11081,D,GTT,GT
11084,D,TAA,TA
11107,D,GCG,GG
11199,X,G,T
11273,D,GTT,GT
11343,D,GCA,GA,ACA
11352,D,GCG,GG
11427,X,A,G
11497,X,A,G
11540,D,GAA,GA
11591,D,TGA,TA
11603,X,G,A
11677,X,A,T
11705,X,C,A
11720,X,A,T
11726,D,GAA,GA
11733,D,ACC,AC
11736,D,GAA,GA
11752,X,C,A
11766,I,CA,CTA
11768,X,G,A
11771,D,GCC,GC
11774,X,G,T
11776,X,T,C
11858,X,G,T
11873,X,A,C
11898,X,A,T
11900,D,GCC,GC,GAC
12010,X,G,A
12097,D,GCC,GC
12173,I,AC,ATC
12182,D,CAA,CA
12206,X,G,C
12226,X,C,T
12254,X,A,T
12266,X,C,G
12297,D,CGG,CG,AGG,CGT
12344,D,TGG,TG
12353,D,TCC,TC
12361,D,CGC,CC
12390,X,A,G
12440,X,G,T
12458,D,GTG,GG
12493,X,TAAAAAG,TAAACAG
12509,X,G,T
12523,D,GTAT,GT
12541,D,CGG,CG
12544,D,CGA,CA
12548,X,G,A
12568,X,A,C
12646,X,G,A
12701,X,C,A
12713,X,T,G
12795,X,C,T
12825,D,GCA,GA
12875,D,TGC,TC
12894,X,G,T
12941,D,GTT,GT
12970,D,ACA,AA
13149,D,TCC,TC
13152,X,C,A
13226,D,ACG,AG
13264,X,C,T
13286,X,G,A
13369,X,G,A
13410,X,T,C
13441,D,CGG,CG
13465,D,ACC,AC
13501,D,GAA,GA
13508,D,ACC,AC
13527,D,AGA,AA
13685,X,G,A
13710,D,TAT,TT
13727,D,GCG,GG
13738,X,G,A
13747,X,A,G
13785,X,C,A
13836,X,C,A
13910,D,CTGT,CT
13978,D,TAT,TT,GAT
14046,I,CAA,CAAA
14125,D,TAA,TA,TAC
14188,D,AGT,AT
14226,X,A,C
14228,D,ATA,AA
14249,X,C,A
14253,X,G,A
14270,X,T,C
14304,X,A,T
14324,X,G,C
14339,X,C,G
14347,X,T,A
14352,X,T,C
14357,D,TGG,TG
14371,D,CGA,CA
14408,D,TGG,TG
14525,X,G,A
14556,D,AGG,AG,GGG
14573,X,A,C
14666,X,T,G
14742,X,A,T
14771,X,A,T
14807,D,CGG,CG
14828,I,TT,TCT
14837,D,ATTT,ATT,AT
14847,D,ATT,AT
14856,X,C,T
14891,X,C,G
14892,X,C,G
14921,D,CGT,CT
14953,I,CA,CTA
14988,D,CGG,CG,CAG
14993,D,TAA,TA
15006,D,ACA,AA
15038,D,ATA,AA
15053,I,TC,TAC
15236,D,TGG,TG
15243,D,GAA,GA
15282,X,T,G
15355,D,GAA,GA,CAA
15413,X,A,C
15468,D,GCC,GC
15540,D,CGA,CA
15571,X,T,G
15577,X,A,C
15642,X,G,T
15670,I,GAG,GAAG
15804,X,C,T
15811,D,ACC,AC
15827,D,ACA,AA
15877,D,ACC,AC
15952,D,GAAAAAG,GAAAAG,GAAAG
15961,X,A,G
15982,X,A,G
15992,X,A,T
15995,X,T,G
16103,X,C,T
16156,D,GTC,GC
16182,D,GTT,GT
16186,X,G,A
16223,X,GG,CC
16349,X,A,G
16361,X,G,T
16418,D,GCC,GC
16464,D,GCC,GC
16478,X,G,T
16560,X,G,A
16568,X,A,C
16597,X,T,C
16633,D,GTG,GG
16637,I,TG,TCG
16682,D,AGG,AG
16722,D,GAA,GA
16725,D,CAA,CA
16728,D,CGG,CG
16739,D,CGG,CG,CGT
16813,X,G,A
16819,D,ACC,AC
16837,X,C,G
16876,D,GAA,GA
16880,D,CGC,CC
16883,D,AGA,AA
16901,X,T,C
16903,I,GG,GAG
16913,X,G,T
16938,I,TAT,TAAT
16942,D,GAA,GA
16959,D,CTAT,CT
16989,D,GCT,GT
17011,D,CGG,CG
17130,D,GAA,GA
17200,D,CTG,CG
17235,D,TGA,TA
17325,X,C,T
17415,I,GCT,GCCT
17433,D,ACC,AC,TCC
17459,D,TCC,TC
17533,D,ACA,AA,ACG
17621,D,CGG,CG
17631,X,C,G
17644,X,C,A
17679,X,C,A
17697,X,C,G
17706,D,TCT,TT
17711,X,C,G
17739,D,GTT,GT
17752,D,GAA,GA
17784,X,A,T
17831,D,GTA,GA
17836,X,A,C
17840,X,T,G
17870,D,TCC,TC
17967,D,GATA,GA
18011,D,AGC,AC,AGT
18038,X,T,A
18075,D,TAA,TA
18079,X,T,C
18099,D,CAA,CA
18127,X,C,G
18146,D,GCC,GC
18171,X,A,T
18186,D,GTT,GT
18193,D,GTT,GT
18340,D,GCC,GC
18350,X,T,C
18367,D,CTG,CG
18444,X,A,G
18445,X,A,G
18481,X,A,G
18505,D,GCG,GG
18547,X,T,A
18612,D,GCTT,GT
18629,D,GCG,GG
18651,D,CGG,CG
18665,D,ATT,AT,ATG
18675,X,T,G
18688,D,CTG,CG
18705,X,G,A
18773,X,G,A
18792,X,G,C
18817,D,TCG,TG
18826,X,A,G
18843,D,TGC,TC
18902,X,G,T
18929,X,A,G
18935,D,GTT,GT
18940,D,ATT,AT,AAT,TTT
18943,X,A,G
18955,X,G,C
18986,X,G,A
19042,X,A,T
19054,D,TAC,TC
19080,D,CGG,CG,GGG
19087,D,ATT,AT,ATG
19091,X,C,G
19105,X,C,A
19114,D,CGG,CG
19137,D,TTAA,TA
19144,D,GAA,GA,CAA
19187,D,TCC,TC
19201,X,C,G
19205,D,TCG,TG
19219,D,CAC,CC
19224,D,TGA,TA
19275,X,T,C
19286,D,GCC,GC
19337,I,GG,GTG
19350,X,G,A
19372,X,G,A
19385,X,A,C
19400,X,G,A
19541,D,TGG,TG
19546,X,T,A
19564,D,TGG,TG
19575,I,AT,AGT
19607,D,ATG,AG,GTG
19639,X,G,C
19662,D,ATT,AT
19710,D,ACC,AC
19782,D,GAA,GA,GTA
19839,D,GTT,GT
19880,D,GTA,GA
19915,X,T,G
19933,D,AGG,AG,GGG
19960,X,G,T
19987,D,TGG,TG
19992,X,C,G
20001,X,T,G
20023,D,CAG,CG,TCG
20048,X,T,C
20154,I,GC,GAC
20182,D,CAA,CA,CCA
20213,X,A,G
20224,X,C,T
20280,X,GC,CT
20364,X,G,C
20367,X,G,T
20402,X,G,A
20432,X,T,A
20433,D,TCC,TC
20467,D,CGGC,CC
20502,D,GAA,GA
20520,X,A,G
20556,X,G,C
20659,D,CAAAAAAT,CAAAAAT
20667,D,TCG,TG
20671,D,CAA,CA,CCA
20692,X,C,G
20717,X,G,T
20731,D,AGG,AG
20764,X,G,C
20785,D,CAA,CA
20794,D,AGG,AG
20797,D,CGG,CG
20842,X,C,T
20874,X,C,A
20920,I,TT,TGT
20927,D,CTG,CG
20935,D,GAT,GT
20941,X,A,G
20963,X,G,A
20985,X,A,T
20986,X,A,T
21016,X,T,G
21023,D,ACC,AC
21040,X,G,T
21045,X,C,A
21048,X,G,A
21095,D,ACG,AG
21104,X,A,G
21112,D,ACC,AC
21130,D,TGA,TA
21137,D,GCC,GC
21149,X,G,C
21182,X,A,C
21183,X,A,G
21208,D,ATA,AA
21214,X,T,G
21241,X,G,T
21250,D,GCC,GC
21255,D,TCC,TC
21258,X,C,G
21266,D,TCA,TA
21272,D,ATC,AC
21283,D,TGG,TG
21299,D,CAG,CG,GAG
21318,D,AATC,AC,AAC
21322,X,A,T
21490,X,G,T
21496,X,C,A
21514,D,CGG,CG
21521,X,A,T
21567,D,CGGGGGC,CGGGGC
21577,X,T,A
21590,X,A,G
21591,D,GCG,GG
21609,D,CGG,CG
21629,D,AGTG,AG,CGTG
21665,D,TAT,TT
21672,X,C,A
21709,X,A,T
21725,X,A,T
21739,D,GAA,GA
21759,D,GCC,GC
21766,X,T,G
21804,D,ATG,AG
21809,D,CAT,CT
21829,X,G,T
21855,X,C,T
21867,D,CTT,CT
21893,D,ACC,AC
21921,X,C,G
21923,D,GAA,GA,AAA
21945,D,CAT,CT
21990,X,T,C
22113,I,GCC,GCCC
22141,D,GTT,GT
22150,D,AGT,AT,TGT
22153,X,G,C
22155,D,TGAG,TG
22184,D,ATC,AC
22198,D,GTC,GC
22213,D,TCC,TC,TAC
22229,D,TTAT,TT
22242,D,CGG,CG
22255,D,GAA,GA
22263,D,TAC,TC
22272,X,A,G
22277,D,CGG,CG
22299,X,G,C
22304,D,GCAC,GC
22341,D,GTT,GT
22378,X,C,G
22379,D,TGA,TA
22451,X,A,T
22472,X,G,A
22483,D,CGG,CG
22486,D,GTG,GG
22496,X,A,T
22501,D,GTT,GT
22528,X,GAGTG,GGGTG
22534,X,C,A
22563,X,T,G
22589,D,TGA,TA
22644,X,T,G
22667,D,ATA,AA
22685,I,CTC,CTTC
22688,X,A,C
22692,D,GTT,GT
22698,X,A,G
22701,D,GTT,GT
22721,D,CTT,CT,TTT
22732,D,GAA,GA
22747,D,GGTT,GT
22760,D,GTT,GT
22763,X,T,C
22765,D,GAG,GG
22780,D,ATT,AT
22793,D,GTTTTTTTTC,GTTTTTTTC
22858,X,A,G
22879,X,T,A
22891,X,G,A
22904,X,T,A
22932,X,T,C
22971,D,ATT,AT,ATG
22976,X,T,G
22978,D,ATT,AT
22986,D,TCT,TT
23005,D,CAAAAAAT,CAAAAAT
23047,X,A,C
23049,D,TAA,TA
23057,I,TT,TAT
23091,X,T,A
23146,X,T,A
23154,X,C,G
23158,D,TCT,TT
23166,X,A,C
23168,D,TGA,TA
23172,D,ATTTTTA,ATTTTA
23191,X,A,T
23224,D,ATT,AT
23237,X,A,T
23263,D,CTT,CT
23286,X,T,G
23293,D,GTT,GT,GGT
23299,X,C,T
23304,X,G,C
23334,D,TGG,TG
23378,I,CAA,CAAA
23381,X,G,A
23407,X,C,G
23443,X,T,C
23463,X,C,A
23469,X,T,C
23497,D,GTT,GT
23513,D,ATT,AT
23538,D,CTTTTTTA,CTTTTA
23550,X,A,G
23563,D,CTT,CT
23567,D,CAT,CT
23581,I,TC,TGC
23590,X,T,A
23629,D,TCG,TG
23832,D,TAA,TA
23841,X,G,T
23842,X,T,C
23891,X,G,C
23905,D,GGTT,GT,GGT
23939,D,GTT,GT,GAT
23961,D,ATT,AT
23968,D,AGG,AG
23973,D,ATA,AA
23980,X,T,A
23981,X,A,G
23988,D,TAA,TA
24011,D,GTT,GT
24017,D,TCT,TT
24065,X,G,C
24139,D,TGC,TC,GGC
24205,D,GAA,GA
24220,D,CGG,CG
24225,D,GTT,GT
24243,X,G,T
24277,X,T,G
24330,I,TG,TAG
24360,D,TCC,TC
24384,D,GCC,GC
24392,X,C,A
24403,D,ATT,AT
24424,X,G,A
24444,D,TCC,TC
24466,X,T,G
24471,D,TCC,TC
24478,D,AGC,AC
24485,D,TAA,TA
24496,D,CTT,CT
24536,X,G,A
24561,D,CTT,CT
24570,D,TAA,TA,TCA
24583,X,C,G
24595,D,TAA,TA
24608,D,ATT,AT
24630,X,T,C
24637,X,G,C
24697,D,TAA,TA,TTA
24710,D,CAA,CA
24717,X,T,G
24726,X,T,G
24739,X,T,A
24803,X,C,T
24857,X,T,C
24907,D,GAA,GA
24915,D,TGG,TG
24925,D,CAT,CT
24935,X,G,C
24942,X,T,C
24999,D,ACC,AC
25006,D,ATTC,AC
25030,D,GAA,GA
25068,D,CAA,CA,GAA
25095,X,A,T
25130,D,GTTTTTA,GTTTTA
25182,D,AGG,AG
25222,X,T,A
25274,X,T,G
25276,D,CTT,CT
25291,D,TGG,TG
25390,D,GTTTTTTC,GTTTTTC
25399,X,T,C
25404,D,CTT,CT
25429,X,C,G
25455,D,CTA,CA,CTT
25477,D,ATTTTTTA,ATTTTTA
25488,D,TGG,TG,TGT
25491,X,T,G
25495,I,ATA,ATTA
25501,X,A,C
25502,X,A,G
25508,D,GAA,GA
25525,X,T,C
25541,X,C,T
25556,D,TCA,TA
25569,X,C,T
25572,D,CAC,CC
25577,D,GTT,GT
25581,X,A,C
25591,D,GTT,GT
25668,X,A,T
25679,D,TCT,TT
25699,X,A,G
25720,X,A,G
25730,D,GCA,GA
25737,D,GTA,GA
25854,D,TAA,TA
25861,X,A,G
25874,X,C,A
25896,X,A,G
25908,X,T,A
25913,D,TAA,TA
25923,X,T,C
26013,X,A,C
26042,X,A,T
26057,X,A,G
26058,D,GTT,GT,CTT
26089,X,A,C
26130,D,ATT,AT
26184,D,CTT,CT
26199,D,GTT,GT
26226,D,CAA,CA
26244,D,CTG,CG,GTG
26253,D,GCG,GG
26259,D,GAAA,GA
26289,D,TAA,TA
26321,X,T,C
26331,X,G,C
26377,X,A,T
26423,X,G,A
26450,D,GTT,GT
26484,D,TAA,TA
26497,D,GAA,GA,CAA
26515,D,CAA,CA
26548,X,A,T
26555,D,GAA,GA
26582,X,G,C
26587,X,A,G
26608,D,GTC,GC
26618,X,C,G
26647,X,A,C
26648,X,G,C
26665,X,T,C
26694,X,T,A
26714,X,T,A
26732,D,ATT,AT,GTT
26742,D,GTT,GT
26771,D,TAA,TA,CAA
26815,D,ATT,AT
26843,X,T,A
26857,X,A,G
26878,X,G,A
26893,X,A,C
26922,X,T,A
26934,D,GAA,GA,GTA
27011,D,ATT,AT
27034,X,T,A
27050,X,C,G
27056,X,C,T
27114,X,T,A
27139,D,CTT,CT
27153,D,ACT,AT
27167,D,TGCA,TA,TGA
27183,X,T,A
27195,X,A,C
27260,D,TCA,TA
27311,D,TAA,TA
27331,D,TCG,TA
27380,D,TGG,TG
27392,X,A,G
27402,X,G,A
27412,D,CAG,CG
27549,D,GCA,GA
27553,X,G,C
27589,X,A,T
27590,X,G,T
27591,X,G,C
27600,D,ACC,AC,ACCC
27613,X,T,C
27640,D,GTT,GT
27650,D,ATT,AT
27681,D,ATT,AT,ATA
27729,X,T,G
27737,X,A,T
27788,D,TCA,TA
27804,D,TAA,TA
27814,X,A,G
27826,X,T,C
27870,X,A,C
27915,D,CTT,CT,CTC
27946,X,A,T
27979,D,CTT,CT,CTG
28104,X,T,A
28110,D,GTT,GT,CTT
28113,D,TCC,TC,GCC
28132,X,G,C
28158,D,ATG,AG
28169,D,TAC,TC
28192,D,CAT,CT
28209,X,A,G
28235,X,T,G
28252,X,G,T
28253,X,C,G
28277,X,T,C
28350,X,G,C
28366,D,ATT,AT
28392,D,TGG,TG
28395,X,T,C
28397,X,T,C
28432,X,A,T
28475,D,CTT,CT
28506,D,GCC,GC
28512,D,ATT,AT,ATA
28536,X,A,G
28553,D,ACC,AC,ACT
28569,X,T,A
28577,I,GCT,GCCT
28586,D,ATT,AT
28607,X,G,T
28645,D,GCC,GC
28662,X,A,C,T
28665,X,G,C
28688,I,TGT,TGGT
28698,X,T,A
28707,I,TG,TCG
28726,D,TGT,TT
28731,D,GCC,GC
28762,I,TG,TAG
28766,X,T,G
28781,X,C,A
28827,D,CTT,CT
28836,X,A,T
28856,X,G,A
28863,D,TGA,TA
28876,X,T,G
28905,X,A,G
28914,D,TGG,TG
28934,X,T,G
28968,D,ATC,AC
28986,D,GAA,GA
28995,D,GCA,GA
29015,D,GAA,GA
29032,D,CTT,CT
29043,D,CTG,CG
29049,X,T,A
29072,D,AGT,AT
29123,D,CGG,CG
29130,D,GTG,GG
29135,D,CTT,CT
29185,X,G,A
29192,I,TC,TAC
29194,I,ATC,ATTC
29209,X,C,T
29219,D,TGT,TT
29226,X,C,A
29255,X,C,G
29294,D,TCC,TC,TCT
29354,D,ATT,AT
29365,X,A,G
29456,D,ATT,AT
29518,D,TTTGT,TT,TTTAT
29562,D,CTT,CT,CTG
29597,X,C,T
29609,X,G,T
29689,D,TAA,TA
29698,X,T,C
29714,X,A,C
29734,I,CTC,CTTC
29892,X,A,C
29893,X,T,C
29898,X,A,G
29926,D,ACC,AC
29943,X,C,G
29955,I,GAT,GAAT
29967,D,CGG,CG
29970,D,GTCT,GT
29977,D,TCG,TG
30003,X,C,T
30035,D,TCT,TT
30061,X,A,C
30089,I,TG,TCG
30095,X,C,G
30105,X,A,T
30116,D,TCC,TC
30122,X,C,A
30131,X,C,T
30167,D,ATT,AT,CTT
30194,D,GTT,GT
30198,X,C,G
30199,X,C,T
30205,D,GTT,GT
30235,X,C,G
30239,X,G,T
30247,X,T,A
30312,D,GAA,GA
30316,X,A,T
30347,X,T,C
30391,D,CTC,CC
30409,D,GTT,GT
30423,D,TCC,TC
30438,D,CAA,CA
30447,X,C,A
30468,D,ACC,AC
30493,X,G,A
30515,X,A,G
30582,D,ATT,AT
30594,D,GAA,GA
30599,X,A,G
30649,X,T,G
30664,X,A,C
30665,X,T,A
30713,X,C,G
30728,X,A,G
30730,X,G,T
30749,D,GCC,GC
30757,D,TAA,TA
30787,X,T,G
30788,X,A,G
30793,X,T,C,G
30807,D,TCA,TA
30834,X,C,G
30856,X,T,G
30861,D,CTTTTTTTG,CTTTTTTG
30881,D,AGC,AC
30895,D,TGC,TC
30945,D,CGG,CG
30970,D,GAA,GA
30987,X,A,C
30997,D,CGT,CT
31017,X,T,A
31063,D,GAA,GA
31082,X,T,C
31085,D,GAA,GA
31105,X,A,G
31112,X,T,C
31113,X,T,G
31123,D,CTG,CG
31139,X,C,G
31144,D,CTAT,CT
31150,X,G,C
31162,X,C,T
31174,X,T,A
31195,X,A,C
31201,X,C,G
31266,X,A,C
31288,D,GCT,GT,GCG
31292,X,T,G
31293,X,G,A,C
31309,X,A,T
31313,X,G,T
31356,D,ATT,AT
31371,D,CAA,CA
31401,X,T,A
31409,D,ATG,AG,ACG,GTG
31417,X,C,T
31421,X,A,C
31423,D,GAT,GT
31428,D,CGT,CT,CTT
31431,D,CAA,CA
31469,I,ACA,ACCA
31475,D,TGC,TC,TGA
31484,D,TCA,TA
31493,I,ATA,ATTA
31499,X,G,C
31513,X,A,T
31525,D,ATTTTTTC,ATTTTTC
31556,X,A,T
31576,D,CTT,CT,CAT
31610,D,ATG,AG
31621,D,GGAG,GG,AGAG,GGAT
31638,X,T,G
31641,X,G,C
31644,D,CAA,CA,CAC
31663,X,GCA,GGA
31687,X,G,A
31728,D,TAA,TA
31732,X,A,T
31741,X,G,T
31749,D,ATT,AT
31754,X,A,C
31782,X,G,T
31795,D,CAG,CG,CCG
31847,X,A,T
31851,X,T,C
31876,D,AGG,AG
31881,X,A,C
31894,D,GCG,GG
31899,D,GTTT,GTT
31931,X,G,T
31933,X,G,T
31978,X,G,T
31984,D,TCT,TT
31992,X,C,A
32021,X,G,C
32025,D,TCA,TA,TCC
32032,X,G,A
32042,D,GCT,GT
32047,X,G,C
32048,D,CGG,CG,CGA
32053,X,T,A
32057,D,GTTT,GT
32066,D,ATC,AC
32070,X,A,C
32080,I,AC,AGC
32088,X,G,T
32104,D,GAC,GC
32114,D,GAA,GA
32122,X,C,G
32128,X,A,T
32150,X,A,C
32157,D,GTC,GC
32176,D,AGG,AG,AGA
32226,D,AGT,AT
32245,D,TGA,TA
32257,D,GTG,GG
32263,D,GCA,GA,TCA
32268,D,ATT,AT,ATA
32285,X,C,A
32312,D,CAA,CA
32366,D,GTT,GT,GGT
32398,X,T,G
32400,X,T,G
32410,D,CGAG,CG
32414,X,T,C
32415,X,T,G
32428,X,C,A
32463,D,CGG,CG,CCG
32482,X,C,A
32485,D,TAA,TA
32503,X,G,C
32534,D,CAA,CA
32550,D,ATT,AT
32553,X,G,C
32557,D,ATG,AG
32581,X,ACC,ACA
32595,D,GCC,GC
32637,D,CGG,CG,TGG
32646,D,GCC,GC
32662,X,A,G
32705,D,TAA,TA
32714,X,T,A
32734,X,A,C
32737,D,TCC,TC,TGC
32754,X,A,T
32755,X,T,A
32855,X,G,A
32868,X,T,C
32896,D,GAA,GA
32913,X,T,G
32943,D,GCC,GC
32957,D,CAA,CA
32981,X,A,G
32983,X,A,C
33001,D,CTTTTTC,CTTTTC
33017,X,T,G
33062,X,A,T
33083,X,A,T
33117,X,G,C
33135,X,T,A
33147,X,C,T
33148,X,C,T
33149,D,GCG,GG
33161,D,GCT,GT
33170,D,GAA,GA
33176,D,AGG,AG
33187,X,T,A
33231,D,ATTTTTTA,ATTTTTA
33258,D,GAA,GA
33275,D,CCAA,CA,CCGA
33311,X,G,A
33312,X,C,G
33315,D,TAA,TA
33337,X,G,C
33388,D,ATT,AT
33393,D,CGG,CG
33404,X,T,C
33428,D,GCC,GC
33453,D,GCA,GA
33513,D,ATT,AT,CTT
33523,X,G,C
33541,D,CGG,CG
33558,D,TCA,TA
33573,D,ATT,AT
33608,X,T,G
33615,X,C,T
33618,D,TCC,TC
33632,D,TCC,TC
33636,D,TCC,TC
33640,D,GACC,GC,GAC
33686,X,A,G
33704,D,TGC,TC
33714,D,AGA,AA
33725,D,CGC,CC,TGC
33732,X,A,T
33756,X,G,C
33813,X,A,T
33824,X,T,G
33835,X,C,A
33849,X,A,T
33853,D,CTA,CA
33907,D,GTT,GT
33924,D,TAAAAAAT,TAAAAAT
33954,D,GAA,GA
33965,X,ATA,AAA
34008,X,G,C
34027,D,TGG,TG
34041,D,AGT,AT
34092,X,C,T
34123,X,G,T
34148,D,GCC,GC
34151,D,CAT,CT
34163,X,T,A
34225,D,CTT,CT
34264,D,ATTTTTA,ATTTTA
34312,X,T,C
34354,X,C,A
34374,D,TGG,TG
34381,D,CGG,CG
34403,D,CTT,CT
34417,D,AGG,AG
34422,D,CGG,CG
34435,X,G,C
34463,X,C,G
34494,D,GAA,GA,GCA
34511,X,T,G
34519,X,G,T
34541,D,TCT,TT,CCT
34577,D,TGG,TG
34587,D,CTT,CT
34667,X,T,G
34673,D,ATT,AT
34680,D,CTA,CA
34685,X,A,G
34686,X,A,T
34724,X,A,C
34736,D,TAA,TA
34744,D,GAAA,GAA,GA
34754,X,T,G
34761,D,CAAA,CA
34769,D,TAA,TA
34850,D,TGT,TT
34861,D,CAA,CA
34880,X,T,A
34915,D,CTTTTTC,CTTTTC
34935,X,A,G
34996,D,CATA,CA
35004,X,A,C
35037,X,C,G
35050,X,A,C
35117,D,ATG,AG
35155,D,CTT,CT
35158,X,T,C
35179,D,GCC,GC
35186,D,CTG,CG
35213,X,T,G
35225,D,ATT,AT
35269,X,T,C
35295,X,A,C
35333,D,GTT,GT
35347,X,G,C
35356,D,TCC,TC
35377,D,GTT,GT
35380,D,AGC,AC,CGC
35392,X,G,T
35415,D,GAA,GA
35450,X,C,G
35496,D,CAA,CA
35511,X,T,C
35512,X,G,A
35543,D,AAGA,AA
35554,D,CTT,CT
35571,D,CGT,CT
35603,D,TGG,TG,TCG
35607,D,ATT,AT
35631,X,A,C
35647,X,T,C
35660,D,GTTTTTTA,GTTTTTA
35695,X,T,A
35721,D,TGC,TC
35738,D,TGT,TT
35758,D,TAA,TA
35788,X,G,T
35793,X,T,A
35812,X,C,T
35839,D,TGG,TG
35846,X,A,G
35864,X,A,T
35882,D,GAA,GA
35899,I,TGC,TGGC
35908,D,CGA,CA
35915,X,G,C
35916,X,G,T
35931,D,CTT,CT
35940,X,G,C
35941,X,A,C
36008,X,T,C
36038,D,CTT,CT
36065,D,GAT,GT
36077,D,CAA,CA
36085,D,CAA,CA
36134,X,A,G
36135,X,A,G
36169,D,GAA,GA,TAA
36235,X,C,A
36252,D,TTCC,TC
36273,X,A,C
36329,D,CAT,CT
36346,X,A,G
36383,D,GTT,GT
36398,X,G,A
36440,X,T,A
36456,D,GCC,GC
36464,X,G,T
36509,X,G,A
36515,D,CTTTTTTA,CTTTTTA
36573,D,TCC,TC
36596,D,TAA,TA,GAA
36599,D,GAC,GC
36629,D,CTT,CT
36633,X,G,T
36651,X,G,T
36660,X,A,G
36676,D,TAA,TA
36680,X,A,T
36752,X,C,A
36756,D,ATT,AT
36759,X,A,T
36767,X,T,C
36777,X,G,A
36841,X,A,T
36867,D,GCG,GG
37001,X,C,A
37012,D,GAT,GT,CAT
37075,D,TAT,TT
37116,D,ATT,AT
37135,X,T,G
37143,X,T,A
37150,X,A,T
37151,X,G,T
37159,X,T,A
37167,X,T,C
37173,D,GAA,GA
37195,X,T,A
37199,D,CTA,CA,ATA
37314,X,T,A
37339,X,T,G
37345,X,C,T
37347,D,ATC,AC
37364,X,T,C
37449,D,TCC,TC
37502,X,C,G
37503,X,A,G
37508,D,CAA,CA
37568,D,CTT,CT
37574,X,T,G
37592,X,G,T
37638,X,C,A
37702,X,G,A
37723,D,CTA,CA
37732,D,AGA,AA
37784,D,TAA,TA
37792,X,G,C
37863,D,CTTTTTTTC,CTTTTTTC
37918,X,A,T
37924,X,T,G
37925,X,T,G
37994,D,ATT,AT,ATG
38008,X,G,A
38056,D,ACC,AC,CCC
38082,D,TGG,TG,TGC
38259,X,C,T
38274,X,A,T
38345,D,AGG,AG
38385,X,A,G
38399,X,G,A
38411,D,CTT,CT
38433,X,G,A
38447,D,GCG,GG
38501,X,A,G
38537,D,TGGGGGGT,TGGGGGT
38622,D,AGCG,AG
38634,X,A,T
38650,X,C,A
38690,D,CAA,CA
38731,D,GCC,GC
38757,D,TCT,TT
38793,D,GCT,GT
38801,D,CTT,CT,ATT
38837,X,A,C
38845,D,CTT,CT
38940,D,GTG,GG
38955,D,GTT,GT
39011,X,A,G
39062,X,A,T
39089,D,TGGGGGA,TGGGGA
39128,D,ACA,AA
39137,D,CAA,CA
39149,D,GAA,GA
39154,D,GATTATTC,GATTC
39210,X,T,G
39226,X,G,C
39298,D,GTG,GG
39321,X,C,G
39344,X,G,T
39362,D,TGA,TA
39413,X,G,C
39455,I,GCC,GCCC
39494,X,T,A
39545,D,ACC,AC
39554,X,A,G
39571,X,G,C
39594,D,GCC,GC
39602,X,G,T
39672,X,C,A
39760,X,A,C
39769,X,T,G
39807,X,G,T
39878,D,TCT,TT
39933,X,G,A
39978,D,TAT,TT
40039,D,ACT,AT
40187,D,TCC,TC,GCC
40360,X,C,G
40361,X,G,T
40393,D,TAA,TA
40433,X,G,T
40498,X,C,T
40675,X,C,A
40992,X,C,T
41052,D,TGG,TG
41147,X,A,C
41153,D,CGG,CG
41202,X,A,G
41267,X,C,A
41509,X,A,G
41635,X,T,C
41655,I,AA,ATA
41713,I,TT,TGT
41749,X,C,T
41876,I,GAT,GAAT
41957,X,G,A
42014,X,A,G
42149,X,A,C
42278,D,CAA,CA,AAA
42390,X,T,A
42407,D,AGC,AC
42458,D,TAAAAAC,TAAAAC
42565,X,G,T
42803,X,T,A
42875,I,CGT,CGGT
42896,D,GAT,GT
42983,I,CA,CTA
43165,D,GAA,GA,TAA
43301,X,G,C
43314,X,A,T
43328,X,T,C
43340,D,CAAAAAAG,CAAAAAG
43363,D,TGG,TG
43508,D,TAA,TA
43523,I,GTT,GTTT
43678,I,CA,CGA,GA
43721,D,CAA,CA
43795,X,A,G
43868,X,G,A
43950,X,G,A
44210,I,CGT,CGGT
44374,X,T,G
44429,X,C,T
44437,X,T,G
44567,X,A,G
45045,X,C,A
45143,X,A,G
45471,D,GCT,GT
45654,X,G,T
45851,I,GC,GTC
45906,X,G,C
46231,X,G,A
46611,D,GCC,GC
46816,D,TAA,TA
47010,X,G,T
47094,X,G,A
47144,X,C,A
47224,D,ACG,AG
47420,D,GAA,GA
47872,D,ATT,AT
48019,X,G,C
